ICAO,Airport Name,City,State,Country,Airport Link
LKBE,Benesov,Benesov, ,CZECHIA,https://acukwik.com/Airport-Info/LKBE
LKBO,Bohunovice,Bohunovice, ,CZECHIA,https://acukwik.com/Airport-Info/LKBO
LKBA,Breclav,Breclav, ,CZECHIA,https://acukwik.com/Airport-Info/LKBA
LKCM,Brno-Medlanky,Brno, ,CZECHIA,https://acukwik.com/Airport-Info/LKCM
LKTB,Brno/Turany,Brno, ,CZECHIA,https://acukwik.com/Airport-Info/LKTB
LKBR,Broumov,Broumov, ,CZECHIA,https://acukwik.com/Airport-Info/LKBR
LKBU,Bubovice,Bubovice, ,CZECHIA,https://acukwik.com/Airport-Info/LKBU
LKCV,Caslav AB,Caslav, ,CZECHIA,https://acukwik.com/Airport-Info/LKCV
LKPN,Podhorany,Caslav, ,CZECHIA,https://acukwik.com/Airport-Info/LKPN
LKCE,Ceska Lipa,Ceska Lipa, ,CZECHIA,https://acukwik.com/Airport-Info/LKCE
LKCS,Ceske Budejovice,Ceske Budejovice, ,CZECHIA,https://acukwik.com/Airport-Info/LKCS
LKHS,Hosin,Ceske Budejovice, ,CZECHIA,https://acukwik.com/Airport-Info/LKHS
LKCB,Cheb,Cheb, ,CZECHIA,https://acukwik.com/Airport-Info/LKCB
LKCH,Chomutov,Chomutov, ,CZECHIA,https://acukwik.com/Airport-Info/LKCH
LKCT,Chotebor,Chotebor, ,CZECHIA,https://acukwik.com/Airport-Info/LKCT
LKCR,Chrudim,Chrudim, ,CZECHIA,https://acukwik.com/Airport-Info/LKCR
LKDK,Dvur Kralove,Dvur Kralove, ,CZECHIA,https://acukwik.com/Airport-Info/LKDK
LKER,Erpuzice,Erpuzice, ,CZECHIA,https://acukwik.com/Airport-Info/LKER
LKFR,Frydlant nad Ostravici,Frydlant, ,CZECHIA,https://acukwik.com/Airport-Info/LKFR
LKHB,Havlickuv Brod,Havlickuv Brod, ,CZECHIA,https://acukwik.com/Airport-Info/LKHB
LKHD,Hodkovice Nad Mohelkou,Hodkovice, ,CZECHIA,https://acukwik.com/Airport-Info/LKHD
LKHC,Horice,Horice, ,CZECHIA,https://acukwik.com/Airport-Info/LKHC
LKHV,Horovice,Horovice, ,CZECHIA,https://acukwik.com/Airport-Info/LKHV
LKHK,Hradec Kralove,Hradec Kralove, ,CZECHIA,https://acukwik.com/Airport-Info/LKHK
LKHN,Hranice,Hranice, ,CZECHIA,https://acukwik.com/Airport-Info/LKHN
LKVP,Velké Porící (Hronov),Hronov, ,CZECHIA,https://acukwik.com/Airport-Info/LKVP
LKJA,Jaromer,Jaromer, ,CZECHIA,https://acukwik.com/Airport-Info/LKJA
LKJC,Jicin,Jicin, ,CZECHIA,https://acukwik.com/Airport-Info/LKJC
LKJI,Jihlava,Jihlava, ,CZECHIA,https://acukwik.com/Airport-Info/LKJI
LKJH,Jindrichuv Hradec,Jindrichuv Hradec, ,CZECHIA,https://acukwik.com/Airport-Info/LKJH
LKKV,Karlovy Vary,Karlovy Vary, ,CZECHIA,https://acukwik.com/Airport-Info/LKKV
LKKL,Kladno,Kladno, ,CZECHIA,https://acukwik.com/Airport-Info/LKKL
LKKT,Klatovy,Klatovy, ,CZECHIA,https://acukwik.com/Airport-Info/LKKT
LKKO,Kolin,Kolin, ,CZECHIA,https://acukwik.com/Airport-Info/LKKO
LKKA,Krizanov,Krizanov, ,CZECHIA,https://acukwik.com/Airport-Info/LKKA
LKKR,Krnov,Krnov, ,CZECHIA,https://acukwik.com/Airport-Info/LKKR
LKKM,Kromeriz,Kromeriz, ,CZECHIA,https://acukwik.com/Airport-Info/LKKM
LKKY,Kyjov,Kyjov, ,CZECHIA,https://acukwik.com/Airport-Info/LKKY
LKLB,Liberec,Liberec, ,CZECHIA,https://acukwik.com/Airport-Info/LKLB
LKRA,Rana,Louny, ,CZECHIA,https://acukwik.com/Airport-Info/LKRA
LKLU,Luhacovice,Luhacovice, ,CZECHIA,https://acukwik.com/Airport-Info/LKLU
LKMI,Mikulovice,Mikulovice, ,CZECHIA,https://acukwik.com/Airport-Info/LKMI
LKMB,Mlada Boleslav,Mlada Boleslav, ,CZECHIA,https://acukwik.com/Airport-Info/LKMB
LKMH,Mnichovo Hradiste,Mnichovo Hradiste, ,CZECHIA,https://acukwik.com/Airport-Info/LKMH
LKMK,Moravska Trebova,Moravska Trebova, ,CZECHIA,https://acukwik.com/Airport-Info/LKMK
LKMO,Most,Most, ,CZECHIA,https://acukwik.com/Airport-Info/LKMO
LKNA,Namest AB,Namest nad Oslavou, ,CZECHIA,https://acukwik.com/Airport-Info/LKNA
LKNM,Nove Mesto,Nove Mesto, ,CZECHIA,https://acukwik.com/Airport-Info/LKNM
LKOL,Olomouc,Olomouc, ,CZECHIA,https://acukwik.com/Airport-Info/LKOL
LKMT,Ostrava Leos Janacek/Mošnov,Ostrava, ,CZECHIA,https://acukwik.com/Airport-Info/LKMT
LKZA,Zabreh,Ostrava, ,CZECHIA,https://acukwik.com/Airport-Info/LKZA
LKPC,Panensky Tynec,Panensky Tynec, ,CZECHIA,https://acukwik.com/Airport-Info/LKPC
LKPD,Pardubice,Pardubice, ,CZECHIA,https://acukwik.com/Airport-Info/LKPD
LKPS,Plasy,Plasy, ,CZECHIA,https://acukwik.com/Airport-Info/LKPS
LKLN,Plzen Line,Plzen, ,CZECHIA,https://acukwik.com/Airport-Info/LKLN
LKPL,Plzen-Letkov,Plzen, ,CZECHIA,https://acukwik.com/Airport-Info/LKPL
LKPA,Policka,Policka, ,CZECHIA,https://acukwik.com/Airport-Info/LKPA
LKKB,Kbely,Prague, ,CZECHIA,https://acukwik.com/Airport-Info/LKKB
LKLT,Prague Letnany,Prague, ,CZECHIA,https://acukwik.com/Airport-Info/LKLT
LKPR,Prague/Vaclav Havel (Ruzyne),Prague, ,CZECHIA,https://acukwik.com/Airport-Info/LKPR
LKVO,Praha/Vodochody,Prague, ,CZECHIA,https://acukwik.com/Airport-Info/LKVO
LKTC,Tocna,Prague, ,CZECHIA,https://acukwik.com/Airport-Info/LKTC
LKPO,Prerov,Prerov, ,CZECHIA,https://acukwik.com/Airport-Info/LKPO
LKPM,Pribram,Pribram, ,CZECHIA,https://acukwik.com/Airport-Info/LKPM
LKPI,Pribyslav,Pribyslav, ,CZECHIA,https://acukwik.com/Airport-Info/LKPI
LKPJ,Prostejov,Prostejov, ,CZECHIA,https://acukwik.com/Airport-Info/LKPJ
LKSB,Stichovice,Prostejov, ,CZECHIA,https://acukwik.com/Airport-Info/LKSB
LKRK,Rakovnik,Rakovnik, ,CZECHIA,https://acukwik.com/Airport-Info/LKRK
LKRY,Rokycany,Rokycany, ,CZECHIA,https://acukwik.com/Airport-Info/LKRY
LKRO,Roudnice nad Labem,Roudnice nad Labem, ,CZECHIA,https://acukwik.com/Airport-Info/LKRO
LKSK,Skutec,Skutec, ,CZECHIA,https://acukwik.com/Airport-Info/LKSK
LKSN,Slany,Slany, ,CZECHIA,https://acukwik.com/Airport-Info/LKSN
LKSO,Sobeslav,Sobeslav, ,CZECHIA,https://acukwik.com/Airport-Info/LKSO
LKSA,Stankov,Stankov, ,CZECHIA,https://acukwik.com/Airport-Info/LKSA
LKST,Strakonice,Strakonice, ,CZECHIA,https://acukwik.com/Airport-Info/LKST
LKSR,Strunkovice,Strunkovice, ,CZECHIA,https://acukwik.com/Airport-Info/LKSR
LKSU,Sumperk,Sumperk, ,CZECHIA,https://acukwik.com/Airport-Info/LKSU
LKTA,Tabor,Tabor, ,CZECHIA,https://acukwik.com/Airport-Info/LKTA
LKTD,Tachov,Tachov, ,CZECHIA,https://acukwik.com/Airport-Info/LKTD
LKTO,Touzim,Touzim, ,CZECHIA,https://acukwik.com/Airport-Info/LKTO
LKKU,Kunovice/Uherske Hradiste,Uherske Hradiste, ,CZECHIA,https://acukwik.com/Airport-Info/LKKU
LKUL,Usti nad Labem,Usti nad Labem, ,CZECHIA,https://acukwik.com/Airport-Info/LKUL
LKUO,Usti nad Orlici,Usti nad Orlici, ,CZECHIA,https://acukwik.com/Airport-Info/LKUO
LKSZ,Sazena,Velvary, ,CZECHIA,https://acukwik.com/Airport-Info/LKSZ
LKVL,Vlasim,Vlasim, ,CZECHIA,https://acukwik.com/Airport-Info/LKVL
LKVR,Vrchlabi,Vrchlabi, ,CZECHIA,https://acukwik.com/Airport-Info/LKVR
LKVY,Vyskov,Vyskov, ,CZECHIA,https://acukwik.com/Airport-Info/LKVY
LKVM,Vysoké Mýto,Vysoké Mýto, ,CZECHIA,https://acukwik.com/Airport-Info/LKVM
LKZM,Zamberk,Zamberk, ,CZECHIA,https://acukwik.com/Airport-Info/LKZM
LKZD,Zatec/Macerka,Zatec, ,CZECHIA,https://acukwik.com/Airport-Info/LKZD
LKZB,Zbraslavice,Zbraslavice, ,CZECHIA,https://acukwik.com/Airport-Info/LKZB
LKZL,Zlin,Zlin, ,CZECHIA,https://acukwik.com/Airport-Info/LKZL
LKZN,Znojmo,Znojmo, ,CZECHIA,https://acukwik.com/Airport-Info/LKZN
